NthDay,30 days,7 days,1 day
0th,255775,73921,7133
1th,259936,73106,15932
2th,264105,67977,18396
3th,261987,69505,11301
4th,261395,75070,16048
5th,268659,84706,23229
6th,269716,92926,17584
7th,270456,97845,14984
8th,272685,96641,14071
9th,275798,90478,10553
10th,271926,90859,10748
11th,271767,87665,11335
12th,271887,76424,10392
13th,272922,71572,11783
14th,275936,70459,12991
15th,278265,68000,11826
16th,284907,71018,14626
17th,282639,72502,12156
18th,288389,81963,22918
19th,293634,88944,19229
20th,295397,93228,16985
21th,296163,97427,18901
22th,306659,114104,30256
23th,311115,121256,23267
24th,311539,124083,14773
25th,302767,117441,13280
26th,305997,112328,13201
27th,304929,106453,10230
28th,303159,99335,9014
29th,307403,84794,15300
30th,313407,79318,17441